Example,Observations,Bins,NormalizedEntropy,OrderScore,MeanReturn,BinCounts
structured_trend,60,8,0.9977816212409875,0.0022183787590125403,-2.093595495128517e-05,"[8, 8, 8, 7, 6, 8, 8, 7]"
two_state_regime,60,8,0.3333333333333333,0.6666666666666667,0.0,"[30, 0, 0, 0, 0, 0, 0, 30]"
noisy_regime,60,8,0.8689135608516635,0.1310864391483365,-0.0003144488400926643,"[1, 1, 9, 12, 11, 16, 7, 3]"
