Stock,RollingMean,BullishStateWeight,NeutralStateWeight,BearishEqualWeight
A,0.007,0.6000000000000009,0.3000000000000001,0.2
B,0.001874999999999999,0.0,0.1000000000000004,0.2
C,0.00625,0.39999999999999913,0.2999999999999999,0.2
D,-0.002125,0.0,0.0,0.2
E,0.0035,0.0,0.2999999999999997,0.2
